Date,Team_Home,Team_Away,Matchday_Home,Matchday_Away,Season
2026-08-28,FC Bayern München,VfB Stuttgart,1,1,2026
2026-08-29,RB Leipzig,Borussia Mönchengladbach,1,1,2026
2026-08-29,1. FSV Mainz 05,SC Paderborn 07,1,1,2026
2026-08-29,1. FC Union Berlin,Eintracht Frankfurt,1,1,2026
2026-08-29,1. FC Köln,TSG Hoffenheim,1,1,2026
2026-08-29,SV 07 Elversberg,Bayer 04 Leverkusen,1,1,2026
2026-08-29,Borussia Dortmund,Hamburger SV,1,1,2026
2026-08-30,FC Augsburg,FC Schalke 04,1,1,2026
2026-08-30,SC Freiburg,SV Werder Bremen,1,1,2026
2026-09-04,VfB Stuttgart,1. FC Köln,2,2,2026
2026-09-05,FC Schalke 04,FC Bayern München,2,2,2026
2026-09-05,SC Paderborn 07,SC Freiburg,2,2,2026
2026-09-05,SV Werder Bremen,RB Leipzig,2,2,2026
2026-09-05,TSG Hoffenheim,Borussia Dortmund,2,2,2026
2026-09-05,Bayer 04 Leverkusen,1. FC Union Berlin,2,2,2026
2026-09-05,Borussia Mönchengladbach,SV 07 Elversberg,2,2,2026
2026-09-06,Hamburger SV,1. FSV Mainz 05,2,2,2026
2026-09-06,Eintracht Frankfurt,FC Augsburg,2,2,2026
2026-09-11,1. FC Union Berlin,FC Schalke 04,3,3,2026
2026-09-12,1. FSV Mainz 05,Eintracht Frankfurt,3,3,2026
2026-09-12,1. FC Köln,SV Werder Bremen,3,3,2026
2026-09-12,FC Augsburg,Bayer 04 Leverkusen,3,3,2026
2026-09-12,Borussia Dortmund,SC Paderborn 07,3,3,2026
2026-09-12,TSG Hoffenheim,VfB Stuttgart,3,3,2026
2026-09-12,SC Freiburg,Borussia Mönchengladbach,3,3,2026
2026-09-13,RB Leipzig,Hamburger SV,3,3,2026
2026-09-13,SV 07 Elversberg,FC Bayern München,3,3,2026
2026-09-18,FC Bayern München,1. FC Union Berlin,4,4,2026
2026-09-19,SV Werder Bremen,FC Augsburg,4,4,2026
2026-09-19,Borussia Mönchengladbach,1. FSV Mainz 05,4,4,2026
2026-09-19,Hamburger SV,1. FC Köln,4,4,2026
2026-09-19,VfB Stuttgart,Borussia Dortmund,4,4,2026
2026-09-19,Eintracht Frankfurt,SC Freiburg,4,4,2026
2026-09-20,Bayer 04 Leverkusen,RB Leipzig,4,4,2026
2026-09-20,FC Schalke 04,SV 07 Elversberg,4,4,2026
2026-09-20,SC Paderborn 07,TSG Hoffenheim,4,4,2026
2026-10-10,1. FSV Mainz 05,Bayer 04 Leverkusen,5,5,2026
2026-10-10,SC Paderborn 07,VfB Stuttgart,5,5,2026
2026-10-10,1. FC Köln,Borussia Mönchengladbach,5,5,2026
2026-10-10,FC Augsburg,FC Bayern München,5,5,2026
2026-10-10,Borussia Dortmund,SV Werder Bremen,5,5,2026
2026-10-10,TSG Hoffenheim,Hamburger SV,5,5,2026
2026-10-10,1. FC Union Berlin,SV 07 Elversberg,5,5,2026
2026-10-10,SC Freiburg,FC Schalke 04,5,5,2026
2026-10-10,RB Leipzig,Eintracht Frankfurt,5,5,2026
2026-10-17,Borussia Mönchengladbach,TSG Hoffenheim,6,6,2026
2026-10-17,FC Bayern München,RB Leipzig,6,6,2026
2026-10-17,Bayer 04 Leverkusen,SC Freiburg,6,6,2026
2026-10-17,Eintracht Frankfurt,1. FC Köln,6,6,2026
2026-10-17,Hamburger SV,VfB Stuttgart,6,6,2026
2026-10-17,SV Werder Bremen,SC Paderborn 07,6,6,2026
2026-10-17,FC Schalke 04,1. FSV Mainz 05,6,6,2026
2026-10-17,SV 07 Elversberg,FC Augsburg,6,6,2026
2026-10-17,1. FC Union Berlin,Borussia Dortmund,6,6,2026
2026-10-24,FC Augsburg,1. FC Union Berlin,7,7,2026
2026-10-24,1. FC Köln,FC Schalke 04,7,7,2026
2026-10-24,1. FSV Mainz 05,SV Werder Bremen,7,7,2026
2026-10-24,SC Paderborn 07,Hamburger SV,7,7,2026
2026-10-24,SC Freiburg,FC Bayern München,7,7,2026
2026-10-24,VfB Stuttgart,Borussia Mönchengladbach,7,7,2026
2026-10-24,RB Leipzig,SV 07 Elversberg,7,7,2026
2026-10-24,Borussia Dortmund,Eintracht Frankfurt,7,7,2026
2026-10-24,TSG Hoffenheim,Bayer 04 Leverkusen,7,7,2026
2026-10-31,SV 07 Elversberg,1. FSV Mainz 05,8,8,2026
2026-10-31,FC Schalke 04,RB Leipzig,8,8,2026
2026-10-31,SV Werder Bremen,TSG Hoffenheim,8,8,2026
2026-10-31,Borussia Mönchengladbach,SC Paderborn 07,8,8,2026
2026-10-31,1. FC Union Berlin,1. FC Köln,8,8,2026
2026-10-31,Eintracht Frankfurt,Hamburger SV,8,8,2026
2026-10-31,Bayer 04 Leverkusen,VfB Stuttgart,8,8,2026
2026-10-31,FC Bayern München,Borussia Dortmund,8,8,2026
2026-10-31,FC Augsburg,SC Freiburg,8,8,2026
2026-11-07,Hamburger SV,Borussia Mönchengladbach,9,9,2026
2026-11-07,SC Paderborn 07,Eintracht Frankfurt,9,9,2026
2026-11-07,1. FC Köln,Bayer 04 Leverkusen,9,9,2026
2026-11-07,1. FSV Mainz 05,FC Bayern München,9,9,2026
2026-11-07,RB Leipzig,FC Augsburg,9,9,2026
2026-11-07,TSG Hoffenheim,FC Schalke 04,9,9,2026
2026-11-07,Borussia Dortmund,SV 07 Elversberg,9,9,2026
2026-11-07,SC Freiburg,1. FC Union Berlin,9,9,2026
2026-11-07,VfB Stuttgart,SV Werder Bremen,9,9,2026
2026-11-21,FC Bayern München,1. FC Köln,10,10,2026
2026-11-21,Bayer 04 Leverkusen,SC Paderborn 07,10,10,2026
2026-11-21,Eintracht Frankfurt,TSG Hoffenheim,10,10,2026
2026-11-21,FC Augsburg,1. FSV Mainz 05,10,10,2026
2026-11-21,1. FC Union Berlin,RB Leipzig,10,10,2026
2026-11-21,Borussia Mönchengladbach,Borussia Dortmund,10,10,2026
2026-11-21,SV Werder Bremen,Hamburger SV,10,10,2026
2026-11-21,FC Schalke 04,VfB Stuttgart,10,10,2026
2026-11-21,SV 07 Elversberg,SC Freiburg,10,10,2026
2026-11-28,SC Paderborn 07,FC Schalke 04,11,11,2026
2026-11-28,SV Werder Bremen,Borussia Mönchengladbach,11,11,2026
2026-11-28,Hamburger SV,FC Bayern München,11,11,2026
2026-11-28,1. FSV Mainz 05,1. FC Union Berlin,11,11,2026
2026-11-28,SC Freiburg,RB Leipzig,11,11,2026
2026-11-28,Borussia Dortmund,Bayer 04 Leverkusen,11,11,2026
2026-11-28,1. FC Köln,SV 07 Elversberg,11,11,2026
2026-11-28,VfB Stuttgart,Eintracht Frankfurt,11,11,2026
2026-11-28,TSG Hoffenheim,FC Augsburg,11,11,2026
2026-12-05,FC Schalke 04,Borussia Dortmund,12,12,2026
2026-12-05,1. FC Union Berlin,Hamburger SV,12,12,2026
2026-12-05,FC Augsburg,1. FC Köln,12,12,2026
2026-12-05,Eintracht Frankfurt,SV Werder Bremen,12,12,2026
2026-12-05,Bayer 04 Leverkusen,Borussia Mönchengladbach,12,12,2026
2026-12-05,RB Leipzig,1. FSV Mainz 05,12,12,2026
2026-12-05,FC Bayern München,SC Paderborn 07,12,12,2026
2026-12-05,SV 07 Elversberg,VfB Stuttgart,12,12,2026
2026-12-05,SC Freiburg,TSG Hoffenheim,12,12,2026
2026-12-12,SC Paderborn 07,SV 07 Elversberg,13,13,2026
2026-12-12,SV Werder Bremen,Bayer 04 Leverkusen,13,13,2026
2026-12-12,1. FC Köln,RB Leipzig,13,13,2026
2026-12-12,Hamburger SV,FC Schalke 04,13,13,2026
2026-12-12,Borussia Mönchengladbach,Eintracht Frankfurt,13,13,2026
2026-12-12,TSG Hoffenheim,FC Bayern München,13,13,2026
2026-12-12,Borussia Dortmund,FC Augsburg,13,13,2026
2026-12-12,1. FSV Mainz 05,SC Freiburg,13,13,2026
2026-12-12,VfB Stuttgart,1. FC Union Berlin,13,13,2026
2026-12-19,FC Bayern München,SV Werder Bremen,14,14,2026
2026-12-19,RB Leipzig,Borussia Dortmund,14,14,2026
2026-12-19,Bayer 04 Leverkusen,Eintracht Frankfurt,14,14,2026
2026-12-19,SC Freiburg,VfB Stuttgart,14,14,2026
2026-12-19,1. FSV Mainz 05,1. FC Köln,14,14,2026
2026-12-19,1. FC Union Berlin,TSG Hoffenheim,14,14,2026
2026-12-19,FC Schalke 04,Borussia Mönchengladbach,14,14,2026
2026-12-19,SV 07 Elversberg,Hamburger SV,14,14,2026
2026-12-19,FC Augsburg,SC Paderborn 07,14,14,2026
2027-01-09,SC Paderborn 07,RB Leipzig,15,15,2026
2027-01-09,Hamburger SV,Bayer 04 Leverkusen,15,15,2026
2027-01-09,SV Werder Bremen,1. FC Union Berlin,15,15,2026
2027-01-09,1. FC Köln,SC Freiburg,15,15,2026
2027-01-09,Borussia Mönchengladbach,FC Bayern München,15,15,2026
2027-01-09,TSG Hoffenheim,SV 07 Elversberg,15,15,2026
2027-01-09,Borussia Dortmund,1. FSV Mainz 05,15,15,2026
2027-01-09,VfB Stuttgart,FC Augsburg,15,15,2026
2027-01-09,Eintracht Frankfurt,FC Schalke 04,15,15,2026
2027-01-12,SV 07 Elversberg,Eintracht Frankfurt,16,16,2026
2027-01-12,FC Schalke 04,SV Werder Bremen,16,16,2026
2027-01-12,1. FC Köln,Borussia Dortmund,16,16,2026
2027-01-12,1. FC Union Berlin,SC Paderborn 07,16,16,2026
2027-01-12,1. FSV Mainz 05,TSG Hoffenheim,16,16,2026
2027-01-12,SC Freiburg,Hamburger SV,16,16,2026
2027-01-12,RB Leipzig,VfB Stuttgart,16,16,2026
2027-01-12,FC Bayern München,Bayer 04 Leverkusen,16,16,2026
2027-01-12,FC Augsburg,Borussia Mönchengladbach,16,16,2026
2027-01-16,Eintracht Frankfurt,FC Bayern München,17,17,2026
2027-01-16,SV Werder Bremen,SV 07 Elversberg,17,17,2026
2027-01-16,Hamburger SV,FC Augsburg,17,17,2026
2027-01-16,Bayer 04 Leverkusen,FC Schalke 04,17,17,2026
2027-01-16,SC Paderborn 07,1. FC Köln,17,17,2026
2027-01-16,VfB Stuttgart,1. FSV Mainz 05,17,17,2026
2027-01-16,Borussia Dortmund,SC Freiburg,17,17,2026
2027-01-16,Borussia Mönchengladbach,1. FC Union Berlin,17,17,2026
2027-01-16,TSG Hoffenheim,RB Leipzig,17,17,2026
2027-01-23,FC Schalke 04,FC Augsburg,18,18,2026
2027-01-23,SV Werder Bremen,SC Freiburg,18,18,2026
2027-01-23,Hamburger SV,Borussia Dortmund,18,18,2026
2027-01-23,Borussia Mönchengladbach,RB Leipzig,18,18,2026
2027-01-23,Eintracht Frankfurt,1. FC Union Berlin,18,18,2026
2027-01-23,Bayer 04 Leverkusen,SV 07 Elversberg,18,18,2026
2027-01-23,TSG Hoffenheim,1. FC Köln,18,18,2026
2027-01-23,VfB Stuttgart,FC Bayern München,18,18,2026
2027-01-23,SC Paderborn 07,1. FSV Mainz 05,18,18,2026
2027-01-30,SV 07 Elversberg,Borussia Mönchengladbach,19,19,2026
2027-01-30,1. FC Union Berlin,Bayer 04 Leverkusen,19,19,2026
2027-01-30,1. FSV Mainz 05,Hamburger SV,19,19,2026
2027-01-30,SC Freiburg,SC Paderborn 07,19,19,2026
2027-01-30,RB Leipzig,SV Werder Bremen,19,19,2026
2027-01-30,Borussia Dortmund,TSG Hoffenheim,19,19,2026
2027-01-30,FC Bayern München,FC Schalke 04,19,19,2026
2027-01-30,1. FC Köln,VfB Stuttgart,19,19,2026
2027-01-30,FC Augsburg,Eintracht Frankfurt,19,19,2026
2027-02-06,SC Paderborn 07,Borussia Dortmund,20,20,2026
2027-02-06,FC Schalke 04,1. FC Union Berlin,20,20,2026
2027-02-06,SV Werder Bremen,1. FC Köln,20,20,2026
2027-02-06,Hamburger SV,RB Leipzig,20,20,2026
2027-02-06,Borussia Mönchengladbach,SC Freiburg,20,20,2026
2027-02-06,Bayer 04 Leverkusen,FC Augsburg,20,20,2026
2027-02-06,VfB Stuttgart,TSG Hoffenheim,20,20,2026
2027-02-06,FC Bayern München,SV 07 Elversberg,20,20,2026
2027-02-06,Eintracht Frankfurt,1. FSV Mainz 05,20,20,2026
2027-02-13,1. FC Union Berlin,FC Bayern München,21,21,2026
2027-02-13,1. FSV Mainz 05,Borussia Mönchengladbach,21,21,2026
2027-02-13,FC Augsburg,SV Werder Bremen,21,21,2026
2027-02-13,TSG Hoffenheim,SC Paderborn 07,21,21,2026
2027-02-13,1. FC Köln,Hamburger SV,21,21,2026
2027-02-13,Borussia Dortmund,VfB Stuttgart,21,21,2026
2027-02-13,SV 07 Elversberg,FC Schalke 04,21,21,2026
2027-02-13,SC Freiburg,Eintracht Frankfurt,21,21,2026
2027-02-13,RB Leipzig,Bayer 04 Leverkusen,21,21,2026
2027-02-20,SV 07 Elversberg,1. FC Union Berlin,22,22,2026
2027-02-20,FC Schalke 04,SC Freiburg,22,22,2026
2027-02-20,SV Werder Bremen,Borussia Dortmund,22,22,2026
2027-02-20,Hamburger SV,TSG Hoffenheim,22,22,2026
2027-02-20,Borussia Mönchengladbach,1. FC Köln,22,22,2026
2027-02-20,Eintracht Frankfurt,RB Leipzig,22,22,2026
2027-02-20,Bayer 04 Leverkusen,1. FSV Mainz 05,22,22,2026
2027-02-20,VfB Stuttgart,SC Paderborn 07,22,22,2026
2027-02-20,FC Bayern München,FC Augsburg,22,22,2026
2027-02-27,1. FC Köln,Eintracht Frankfurt,23,23,2026
2027-02-27,1. FSV Mainz 05,FC Schalke 04,23,23,2026
2027-02-27,FC Augsburg,SV 07 Elversberg,23,23,2026
2027-02-27,SC Freiburg,Bayer 04 Leverkusen,23,23,2026
2027-02-27,SC Paderborn 07,SV Werder Bremen,23,23,2026
2027-02-27,VfB Stuttgart,Hamburger SV,23,23,2026
2027-02-27,RB Leipzig,FC Bayern München,23,23,2026
2027-02-27,Borussia Dortmund,1. FC Union Berlin,23,23,2026
2027-02-27,TSG Hoffenheim,Borussia Mönchengladbach,23,23,2026
2027-03-02,FC Schalke 04,1. FC Köln,24,24,2026
2027-03-02,SV Werder Bremen,1. FSV Mainz 05,24,24,2026
2027-03-02,Hamburger SV,SC Paderborn 07,24,24,2026
2027-03-02,Borussia Mönchengladbach,VfB Stuttgart,24,24,2026
2027-03-02,SV 07 Elversberg,RB Leipzig,24,24,2026
2027-03-02,Eintracht Frankfurt,Borussia Dortmund,24,24,2026
2027-03-02,Bayer 04 Leverkusen,TSG Hoffenheim,24,24,2026
2027-03-02,FC Bayern München,SC Freiburg,24,24,2026
2027-03-02,1. FC Union Berlin,FC Augsburg,24,24,2026
2027-03-06,SC Paderborn 07,Borussia Mönchengladbach,25,25,2026
2027-03-06,1. FC Köln,1. FC Union Berlin,25,25,2026
2027-03-06,Hamburger SV,Eintracht Frankfurt,25,25,2026
2027-03-06,1. FSV Mainz 05,SV 07 Elversberg,25,25,2026
2027-03-06,SC Freiburg,FC Augsburg,25,25,2026
2027-03-06,VfB Stuttgart,Bayer 04 Leverkusen,25,25,2026
2027-03-06,RB Leipzig,FC Schalke 04,25,25,2026
2027-03-06,Borussia Dortmund,FC Bayern München,25,25,2026
2027-03-06,TSG Hoffenheim,SV Werder Bremen,25,25,2026
2027-03-13,SV 07 Elversberg,Borussia Dortmund,26,26,2026
2027-03-13,FC Schalke 04,TSG Hoffenheim,26,26,2026
2027-03-13,SV Werder Bremen,VfB Stuttgart,26,26,2026
2027-03-13,Borussia Mönchengladbach,Hamburger SV,26,26,2026
2027-03-13,Eintracht Frankfurt,SC Paderborn 07,26,26,2026
2027-03-13,FC Augsburg,RB Leipzig,26,26,2026
2027-03-13,Bayer 04 Leverkusen,1. FC Köln,26,26,2026
2027-03-13,FC Bayern München,1. FSV Mainz 05,26,26,2026
2027-03-13,1. FC Union Berlin,SC Freiburg,26,26,2026
2027-03-20,SC Paderborn 07,Bayer 04 Leverkusen,27,27,2026
2027-03-20,1. FC Köln,FC Bayern München,27,27,2026
2027-03-20,Hamburger SV,SV Werder Bremen,27,27,2026
2027-03-20,1. FSV Mainz 05,FC Augsburg,27,27,2026
2027-03-20,SC Freiburg,SV 07 Elversberg,27,27,2026
2027-03-20,TSG Hoffenheim,Eintracht Frankfurt,27,27,2026
2027-03-20,VfB Stuttgart,FC Schalke 04,27,27,2026
2027-03-20,RB Leipzig,1. FC Union Berlin,27,27,2026
2027-03-20,Borussia Dortmund,Borussia Mönchengladbach,27,27,2026
2027-04-03,SV 07 Elversberg,1. FC Köln,28,28,2026
2027-04-03,FC Schalke 04,SC Paderborn 07,28,28,2026
2027-04-03,Borussia Mönchengladbach,SV Werder Bremen,28,28,2026
2027-04-03,1. FC Union Berlin,1. FSV Mainz 05,28,28,2026
2027-04-03,FC Augsburg,TSG Hoffenheim,28,28,2026
2027-04-03,Eintracht Frankfurt,VfB Stuttgart,28,28,2026
2027-04-03,Bayer 04 Leverkusen,Borussia Dortmund,28,28,2026
2027-04-03,RB Leipzig,SC Freiburg,28,28,2026
2027-04-03,FC Bayern München,Hamburger SV,28,28,2026
2027-04-10,SC Paderborn 07,FC Bayern München,29,29,2026
2027-04-10,SV Werder Bremen,Eintracht Frankfurt,29,29,2026
2027-04-10,1. FC Köln,FC Augsburg,29,29,2026
2027-04-10,Hamburger SV,1. FC Union Berlin,29,29,2026
2027-04-10,Borussia Mönchengladbach,Bayer 04 Leverkusen,29,29,2026
2027-04-10,1. FSV Mainz 05,RB Leipzig,29,29,2026
2027-04-10,TSG Hoffenheim,SC Freiburg,29,29,2026
2027-04-10,VfB Stuttgart,SV 07 Elversberg,29,29,2026
2027-04-10,Borussia Dortmund,FC Schalke 04,29,29,2026
2027-04-17,FC Schalke 04,Hamburger SV,30,30,2026
2027-04-17,SV 07 Elversberg,SC Paderborn 07,30,30,2026
2027-04-17,FC Augsburg,Borussia Dortmund,30,30,2026
2027-04-17,Eintracht Frankfurt,Borussia Mönchengladbach,30,30,2026
2027-04-17,1. FC Union Berlin,VfB Stuttgart,30,30,2026
2027-04-17,Bayer 04 Leverkusen,SV Werder Bremen,30,30,2026
2027-04-17,RB Leipzig,1. FC Köln,30,30,2026
2027-04-17,FC Bayern München,TSG Hoffenheim,30,30,2026
2027-04-17,SC Freiburg,1. FSV Mainz 05,30,30,2026
2027-04-24,SC Paderborn 07,FC Augsburg,31,31,2026
2027-04-24,SV Werder Bremen,FC Bayern München,31,31,2026
2027-04-24,1. FC Köln,1. FSV Mainz 05,31,31,2026
2027-04-24,Hamburger SV,SV 07 Elversberg,31,31,2026
2027-04-24,Borussia Mönchengladbach,FC Schalke 04,31,31,2026
2027-04-24,Eintracht Frankfurt,Bayer 04 Leverkusen,31,31,2026
2027-04-24,TSG Hoffenheim,1. FC Union Berlin,31,31,2026
2027-04-24,VfB Stuttgart,SC Freiburg,31,31,2026
2027-04-24,Borussia Dortmund,RB Leipzig,31,31,2026
2027-05-08,FC Schalke 04,Eintracht Frankfurt,32,32,2026
2027-05-08,SV 07 Elversberg,TSG Hoffenheim,32,32,2026
2027-05-08,1. FSV Mainz 05,Borussia Dortmund,32,32,2026
2027-05-08,FC Augsburg,VfB Stuttgart,32,32,2026
2027-05-08,1. FC Union Berlin,SV Werder Bremen,32,32,2026
2027-05-08,Bayer 04 Leverkusen,Hamburger SV,32,32,2026
2027-05-08,RB Leipzig,SC Paderborn 07,32,32,2026
2027-05-08,FC Bayern München,Borussia Mönchengladbach,32,32,2026
2027-05-08,SC Freiburg,1. FC Köln,32,32,2026
2027-05-15,SC Paderborn 07,1. FC Union Berlin,33,33,2026
2027-05-15,SV Werder Bremen,FC Schalke 04,33,33,2026
2027-05-15,Borussia Mönchengladbach,FC Augsburg,33,33,2026
2027-05-15,Eintracht Frankfurt,SV 07 Elversberg,33,33,2026
2027-05-15,Hamburger SV,SC Freiburg,33,33,2026
2027-05-15,TSG Hoffenheim,1. FSV Mainz 05,33,33,2026
2027-05-15,VfB Stuttgart,RB Leipzig,33,33,2026
2027-05-15,Borussia Dortmund,1. FC Köln,33,33,2026
2027-05-15,Bayer 04 Leverkusen,FC Bayern München,33,33,2026
2027-05-22,1. FC Köln,SC Paderborn 07,34,34,2026
2027-05-22,FC Schalke 04,Bayer 04 Leverkusen,34,34,2026
2027-05-22,FC Bayern München,Eintracht Frankfurt,34,34,2026
2027-05-22,RB Leipzig,TSG Hoffenheim,34,34,2026
2027-05-22,SC Freiburg,Borussia Dortmund,34,34,2026
2027-05-22,FC Augsburg,Hamburger SV,34,34,2026
2027-05-22,1. FSV Mainz 05,VfB Stuttgart,34,34,2026
2027-05-22,1. FC Union Berlin,Borussia Mönchengladbach,34,34,2026
2027-05-22,SV 07 Elversberg,SV Werder Bremen,34,34,2026
